Input,Response
hello,Hi there! How can I assist you today?
hi,Hello! How can I help you?
how are you,"I'm just a bot, but I'm here to help. How about you?"
help,Sure! Let me know what you need assistance with.
what's your name,"I'm your AI assistant, ready to help you!"
what can you do,"I can assist with coding, answering questions, or even tell a joke."
tell me a joke,Why don’t skeletons fight each other? They don’t have the guts!
what is AI,"AI stands for Artificial Intelligence, a technology that enables machines to mimic human intelligence."
what time is it,"I can't tell time directly, but you can check your device's clock!"
who created you,I was created by OpenAI to assist users like you.
what is the weather,"Let me know your location, and I can look it up for you."
can you write code,"Absolutely! Let me know what you need, and I'll write some code for you."
goodbye,Goodbye! Feel free to reach out anytime.
what is your purpose,My purpose is to assist you with your questions and tasks.
recommend a book,I recommend 'Sapiens: A Brief History of Humankind' by Yuval Noah Harari.
who is Elon Musk,"Elon Musk is the CEO of Tesla and SpaceX, among other ventures."
what is Python,"Python is a versatile programming language used for various applications like web development, AI, and data analysis."
how to learn coding,"Start with a beginner-friendly language like Python, and practice regularly."
play a game,"I can't play interactive games, but I can provide trivia or riddles."
what is the meaning of life,That's a deep question! Many say it's about finding your own purpose and happiness.
how old are you,"I exist outside of time, so I don't have an age."
what's the latest tech news,Let me check the latest updates for you. What's your area of interest?
how to cook pasta,"Boil water, add salt, then cook the pasta for 8-10 minutes. Drain and enjoy!"
what is 2+2,That's easy! The answer is 4.
translate 'hello' to Spanish,"In Spanish, 'hello' is 'hola'."
custom_input_1,This is a thoughtfully generated response for custom_input_1. How can I assist further?
custom_input_2,This is a thoughtfully generated response for custom_input_2. How can I assist further?
custom_input_3,This is a thoughtfully generated response for custom_input_3. How can I assist further?
custom_input_4,This is a thoughtfully generated response for custom_input_4. How can I assist further?
custom_input_5,This is a thoughtfully generated response for custom_input_5. How can I assist further?
custom_input_6,This is a thoughtfully generated response for custom_input_6. How can I assist further?
custom_input_7,This is a thoughtfully generated response for custom_input_7. How can I assist further?
custom_input_8,This is a thoughtfully generated response for custom_input_8. How can I assist further?
custom_input_9,This is a thoughtfully generated response for custom_input_9. How can I assist further?
custom_input_10,This is a thoughtfully generated response for custom_input_10. How can I assist further?
custom_input_11,This is a thoughtfully generated response for custom_input_11. How can I assist further?
custom_input_12,This is a thoughtfully generated response for custom_input_12. How can I assist further?
custom_input_13,This is a thoughtfully generated response for custom_input_13. How can I assist further?
custom_input_14,This is a thoughtfully generated response for custom_input_14. How can I assist further?
custom_input_15,This is a thoughtfully generated response for custom_input_15. How can I assist further?
custom_input_16,This is a thoughtfully generated response for custom_input_16. How can I assist further?
custom_input_17,This is a thoughtfully generated response for custom_input_17. How can I assist further?
custom_input_18,This is a thoughtfully generated response for custom_input_18. How can I assist further?
custom_input_19,This is a thoughtfully generated response for custom_input_19. How can I assist further?
custom_input_20,This is a thoughtfully generated response for custom_input_20. How can I assist further?
custom_input_21,This is a thoughtfully generated response for custom_input_21. How can I assist further?
custom_input_22,This is a thoughtfully generated response for custom_input_22. How can I assist further?
custom_input_23,This is a thoughtfully generated response for custom_input_23. How can I assist further?
custom_input_24,This is a thoughtfully generated response for custom_input_24. How can I assist further?
custom_input_25,This is a thoughtfully generated response for custom_input_25. How can I assist further?
custom_input_26,This is a thoughtfully generated response for custom_input_26. How can I assist further?
custom_input_27,This is a thoughtfully generated response for custom_input_27. How can I assist further?
custom_input_28,This is a thoughtfully generated response for custom_input_28. How can I assist further?
custom_input_29,This is a thoughtfully generated response for custom_input_29. How can I assist further?
custom_input_30,This is a thoughtfully generated response for custom_input_30. How can I assist further?
custom_input_31,This is a thoughtfully generated response for custom_input_31. How can I assist further?
custom_input_32,This is a thoughtfully generated response for custom_input_32. How can I assist further?
custom_input_33,This is a thoughtfully generated response for custom_input_33. How can I assist further?
custom_input_34,This is a thoughtfully generated response for custom_input_34. How can I assist further?
custom_input_35,This is a thoughtfully generated response for custom_input_35. How can I assist further?
custom_input_36,This is a thoughtfully generated response for custom_input_36. How can I assist further?
custom_input_37,This is a thoughtfully generated response for custom_input_37. How can I assist further?
custom_input_38,This is a thoughtfully generated response for custom_input_38. How can I assist further?
custom_input_39,This is a thoughtfully generated response for custom_input_39. How can I assist further?
custom_input_40,This is a thoughtfully generated response for custom_input_40. How can I assist further?
custom_input_41,This is a thoughtfully generated response for custom_input_41. How can I assist further?
custom_input_42,This is a thoughtfully generated response for custom_input_42. How can I assist further?
custom_input_43,This is a thoughtfully generated response for custom_input_43. How can I assist further?
custom_input_44,This is a thoughtfully generated response for custom_input_44. How can I assist further?
custom_input_45,This is a thoughtfully generated response for custom_input_45. How can I assist further?
custom_input_46,This is a thoughtfully generated response for custom_input_46. How can I assist further?
custom_input_47,This is a thoughtfully generated response for custom_input_47. How can I assist further?
custom_input_48,This is a thoughtfully generated response for custom_input_48. How can I assist further?
custom_input_49,This is a thoughtfully generated response for custom_input_49. How can I assist further?
custom_input_50,This is a thoughtfully generated response for custom_input_50. How can I assist further?
custom_input_51,This is a thoughtfully generated response for custom_input_51. How can I assist further?
custom_input_52,This is a thoughtfully generated response for custom_input_52. How can I assist further?
custom_input_53,This is a thoughtfully generated response for custom_input_53. How can I assist further?
custom_input_54,This is a thoughtfully generated response for custom_input_54. How can I assist further?
custom_input_55,This is a thoughtfully generated response for custom_input_55. How can I assist further?
custom_input_56,This is a thoughtfully generated response for custom_input_56. How can I assist further?
custom_input_57,This is a thoughtfully generated response for custom_input_57. How can I assist further?
custom_input_58,This is a thoughtfully generated response for custom_input_58. How can I assist further?
custom_input_59,This is a thoughtfully generated response for custom_input_59. How can I assist further?
custom_input_60,This is a thoughtfully generated response for custom_input_60. How can I assist further?
custom_input_61,This is a thoughtfully generated response for custom_input_61. How can I assist further?
custom_input_62,This is a thoughtfully generated response for custom_input_62. How can I assist further?
custom_input_63,This is a thoughtfully generated response for custom_input_63. How can I assist further?
custom_input_64,This is a thoughtfully generated response for custom_input_64. How can I assist further?
custom_input_65,This is a thoughtfully generated response for custom_input_65. How can I assist further?
custom_input_66,This is a thoughtfully generated response for custom_input_66. How can I assist further?
custom_input_67,This is a thoughtfully generated response for custom_input_67. How can I assist further?
custom_input_68,This is a thoughtfully generated response for custom_input_68. How can I assist further?
custom_input_69,This is a thoughtfully generated response for custom_input_69. How can I assist further?
custom_input_70,This is a thoughtfully generated response for custom_input_70. How can I assist further?
custom_input_71,This is a thoughtfully generated response for custom_input_71. How can I assist further?
custom_input_72,This is a thoughtfully generated response for custom_input_72. How can I assist further?
custom_input_73,This is a thoughtfully generated response for custom_input_73. How can I assist further?
custom_input_74,This is a thoughtfully generated response for custom_input_74. How can I assist further?
custom_input_75,This is a thoughtfully generated response for custom_input_75. How can I assist further?
custom_input_76,This is a thoughtfully generated response for custom_input_76. How can I assist further?
custom_input_77,This is a thoughtfully generated response for custom_input_77. How can I assist further?
custom_input_78,This is a thoughtfully generated response for custom_input_78. How can I assist further?
custom_input_79,This is a thoughtfully generated response for custom_input_79. How can I assist further?
custom_input_80,This is a thoughtfully generated response for custom_input_80. How can I assist further?
custom_input_81,This is a thoughtfully generated response for custom_input_81. How can I assist further?
custom_input_82,This is a thoughtfully generated response for custom_input_82. How can I assist further?
custom_input_83,This is a thoughtfully generated response for custom_input_83. How can I assist further?
custom_input_84,This is a thoughtfully generated response for custom_input_84. How can I assist further?
custom_input_85,This is a thoughtfully generated response for custom_input_85. How can I assist further?
custom_input_86,This is a thoughtfully generated response for custom_input_86. How can I assist further?
custom_input_87,This is a thoughtfully generated response for custom_input_87. How can I assist further?
custom_input_88,This is a thoughtfully generated response for custom_input_88. How can I assist further?
custom_input_89,This is a thoughtfully generated response for custom_input_89. How can I assist further?
custom_input_90,This is a thoughtfully generated response for custom_input_90. How can I assist further?
custom_input_91,This is a thoughtfully generated response for custom_input_91. How can I assist further?
custom_input_92,This is a thoughtfully generated response for custom_input_92. How can I assist further?
custom_input_93,This is a thoughtfully generated response for custom_input_93. How can I assist further?
custom_input_94,This is a thoughtfully generated response for custom_input_94. How can I assist further?
custom_input_95,This is a thoughtfully generated response for custom_input_95. How can I assist further?
custom_input_96,This is a thoughtfully generated response for custom_input_96. How can I assist further?
custom_input_97,This is a thoughtfully generated response for custom_input_97. How can I assist further?
custom_input_98,This is a thoughtfully generated response for custom_input_98. How can I assist further?
custom_input_99,This is a thoughtfully generated response for custom_input_99. How can I assist further?
custom_input_100,This is a thoughtfully generated response for custom_input_100. How can I assist further?
custom_input_101,This is a thoughtfully generated response for custom_input_101. How can I assist further?
custom_input_102,This is a thoughtfully generated response for custom_input_102. How can I assist further?
custom_input_103,This is a thoughtfully generated response for custom_input_103. How can I assist further?
custom_input_104,This is a thoughtfully generated response for custom_input_104. How can I assist further?
custom_input_105,This is a thoughtfully generated response for custom_input_105. How can I assist further?
custom_input_106,This is a thoughtfully generated response for custom_input_106. How can I assist further?
custom_input_107,This is a thoughtfully generated response for custom_input_107. How can I assist further?
custom_input_108,This is a thoughtfully generated response for custom_input_108. How can I assist further?
custom_input_109,This is a thoughtfully generated response for custom_input_109. How can I assist further?
custom_input_110,This is a thoughtfully generated response for custom_input_110. How can I assist further?
custom_input_111,This is a thoughtfully generated response for custom_input_111. How can I assist further?
custom_input_112,This is a thoughtfully generated response for custom_input_112. How can I assist further?
custom_input_113,This is a thoughtfully generated response for custom_input_113. How can I assist further?
custom_input_114,This is a thoughtfully generated response for custom_input_114. How can I assist further?
custom_input_115,This is a thoughtfully generated response for custom_input_115. How can I assist further?
custom_input_116,This is a thoughtfully generated response for custom_input_116. How can I assist further?
custom_input_117,This is a thoughtfully generated response for custom_input_117. How can I assist further?
custom_input_118,This is a thoughtfully generated response for custom_input_118. How can I assist further?
custom_input_119,This is a thoughtfully generated response for custom_input_119. How can I assist further?
custom_input_120,This is a thoughtfully generated response for custom_input_120. How can I assist further?
custom_input_121,This is a thoughtfully generated response for custom_input_121. How can I assist further?
custom_input_122,This is a thoughtfully generated response for custom_input_122. How can I assist further?
custom_input_123,This is a thoughtfully generated response for custom_input_123. How can I assist further?
custom_input_124,This is a thoughtfully generated response for custom_input_124. How can I assist further?
custom_input_125,This is a thoughtfully generated response for custom_input_125. How can I assist further?
custom_input_126,This is a thoughtfully generated response for custom_input_126. How can I assist further?
custom_input_127,This is a thoughtfully generated response for custom_input_127. How can I assist further?
custom_input_128,This is a thoughtfully generated response for custom_input_128. How can I assist further?
custom_input_129,This is a thoughtfully generated response for custom_input_129. How can I assist further?
custom_input_130,This is a thoughtfully generated response for custom_input_130. How can I assist further?
custom_input_131,This is a thoughtfully generated response for custom_input_131. How can I assist further?
custom_input_132,This is a thoughtfully generated response for custom_input_132. How can I assist further?
custom_input_133,This is a thoughtfully generated response for custom_input_133. How can I assist further?
custom_input_134,This is a thoughtfully generated response for custom_input_134. How can I assist further?
custom_input_135,This is a thoughtfully generated response for custom_input_135. How can I assist further?
custom_input_136,This is a thoughtfully generated response for custom_input_136. How can I assist further?
custom_input_137,This is a thoughtfully generated response for custom_input_137. How can I assist further?
custom_input_138,This is a thoughtfully generated response for custom_input_138. How can I assist further?
custom_input_139,This is a thoughtfully generated response for custom_input_139. How can I assist further?
custom_input_140,This is a thoughtfully generated response for custom_input_140. How can I assist further?
custom_input_141,This is a thoughtfully generated response for custom_input_141. How can I assist further?
custom_input_142,This is a thoughtfully generated response for custom_input_142. How can I assist further?
custom_input_143,This is a thoughtfully generated response for custom_input_143. How can I assist further?
custom_input_144,This is a thoughtfully generated response for custom_input_144. How can I assist further?
custom_input_145,This is a thoughtfully generated response for custom_input_145. How can I assist further?
custom_input_146,This is a thoughtfully generated response for custom_input_146. How can I assist further?
custom_input_147,This is a thoughtfully generated response for custom_input_147. How can I assist further?
custom_input_148,This is a thoughtfully generated response for custom_input_148. How can I assist further?
custom_input_149,This is a thoughtfully generated response for custom_input_149. How can I assist further?
custom_input_150,This is a thoughtfully generated response for custom_input_150. How can I assist further?
custom_input_151,This is a thoughtfully generated response for custom_input_151. How can I assist further?
custom_input_152,This is a thoughtfully generated response for custom_input_152. How can I assist further?
custom_input_153,This is a thoughtfully generated response for custom_input_153. How can I assist further?
custom_input_154,This is a thoughtfully generated response for custom_input_154. How can I assist further?
custom_input_155,This is a thoughtfully generated response for custom_input_155. How can I assist further?
custom_input_156,This is a thoughtfully generated response for custom_input_156. How can I assist further?
custom_input_157,This is a thoughtfully generated response for custom_input_157. How can I assist further?
custom_input_158,This is a thoughtfully generated response for custom_input_158. How can I assist further?
custom_input_159,This is a thoughtfully generated response for custom_input_159. How can I assist further?
custom_input_160,This is a thoughtfully generated response for custom_input_160. How can I assist further?
custom_input_161,This is a thoughtfully generated response for custom_input_161. How can I assist further?
custom_input_162,This is a thoughtfully generated response for custom_input_162. How can I assist further?
custom_input_163,This is a thoughtfully generated response for custom_input_163. How can I assist further?
custom_input_164,This is a thoughtfully generated response for custom_input_164. How can I assist further?
custom_input_165,This is a thoughtfully generated response for custom_input_165. How can I assist further?
custom_input_166,This is a thoughtfully generated response for custom_input_166. How can I assist further?
custom_input_167,This is a thoughtfully generated response for custom_input_167. How can I assist further?
custom_input_168,This is a thoughtfully generated response for custom_input_168. How can I assist further?
custom_input_169,This is a thoughtfully generated response for custom_input_169. How can I assist further?
custom_input_170,This is a thoughtfully generated response for custom_input_170. How can I assist further?
custom_input_171,This is a thoughtfully generated response for custom_input_171. How can I assist further?
custom_input_172,This is a thoughtfully generated response for custom_input_172. How can I assist further?
custom_input_173,This is a thoughtfully generated response for custom_input_173. How can I assist further?
custom_input_174,This is a thoughtfully generated response for custom_input_174. How can I assist further?
custom_input_175,This is a thoughtfully generated response for custom_input_175. How can I assist further?
custom_input_176,This is a thoughtfully generated response for custom_input_176. How can I assist further?
custom_input_177,This is a thoughtfully generated response for custom_input_177. How can I assist further?
custom_input_178,This is a thoughtfully generated response for custom_input_178. How can I assist further?
custom_input_179,This is a thoughtfully generated response for custom_input_179. How can I assist further?
custom_input_180,This is a thoughtfully generated response for custom_input_180. How can I assist further?
custom_input_181,This is a thoughtfully generated response for custom_input_181. How can I assist further?
custom_input_182,This is a thoughtfully generated response for custom_input_182. How can I assist further?
custom_input_183,This is a thoughtfully generated response for custom_input_183. How can I assist further?
custom_input_184,This is a thoughtfully generated response for custom_input_184. How can I assist further?
custom_input_185,This is a thoughtfully generated response for custom_input_185. How can I assist further?
custom_input_186,This is a thoughtfully generated response for custom_input_186. How can I assist further?
custom_input_187,This is a thoughtfully generated response for custom_input_187. How can I assist further?
custom_input_188,This is a thoughtfully generated response for custom_input_188. How can I assist further?
custom_input_189,This is a thoughtfully generated response for custom_input_189. How can I assist further?
custom_input_190,This is a thoughtfully generated response for custom_input_190. How can I assist further?
custom_input_191,This is a thoughtfully generated response for custom_input_191. How can I assist further?
custom_input_192,This is a thoughtfully generated response for custom_input_192. How can I assist further?
custom_input_193,This is a thoughtfully generated response for custom_input_193. How can I assist further?
custom_input_194,This is a thoughtfully generated response for custom_input_194. How can I assist further?
custom_input_195,This is a thoughtfully generated response for custom_input_195. How can I assist further?
custom_input_196,This is a thoughtfully generated response for custom_input_196. How can I assist further?
custom_input_197,This is a thoughtfully generated response for custom_input_197. How can I assist further?
custom_input_198,This is a thoughtfully generated response for custom_input_198. How can I assist further?
custom_input_199,This is a thoughtfully generated response for custom_input_199. How can I assist further?
custom_input_200,This is a thoughtfully generated response for custom_input_200. How can I assist further?
custom_input_201,This is a thoughtfully generated response for custom_input_201. How can I assist further?
custom_input_202,This is a thoughtfully generated response for custom_input_202. How can I assist further?
custom_input_203,This is a thoughtfully generated response for custom_input_203. How can I assist further?
custom_input_204,This is a thoughtfully generated response for custom_input_204. How can I assist further?
custom_input_205,This is a thoughtfully generated response for custom_input_205. How can I assist further?
custom_input_206,This is a thoughtfully generated response for custom_input_206. How can I assist further?
custom_input_207,This is a thoughtfully generated response for custom_input_207. How can I assist further?
custom_input_208,This is a thoughtfully generated response for custom_input_208. How can I assist further?
custom_input_209,This is a thoughtfully generated response for custom_input_209. How can I assist further?
custom_input_210,This is a thoughtfully generated response for custom_input_210. How can I assist further?
custom_input_211,This is a thoughtfully generated response for custom_input_211. How can I assist further?
custom_input_212,This is a thoughtfully generated response for custom_input_212. How can I assist further?
custom_input_213,This is a thoughtfully generated response for custom_input_213. How can I assist further?
custom_input_214,This is a thoughtfully generated response for custom_input_214. How can I assist further?
custom_input_215,This is a thoughtfully generated response for custom_input_215. How can I assist further?
custom_input_216,This is a thoughtfully generated response for custom_input_216. How can I assist further?
custom_input_217,This is a thoughtfully generated response for custom_input_217. How can I assist further?
custom_input_218,This is a thoughtfully generated response for custom_input_218. How can I assist further?
custom_input_219,This is a thoughtfully generated response for custom_input_219. How can I assist further?
custom_input_220,This is a thoughtfully generated response for custom_input_220. How can I assist further?
custom_input_221,This is a thoughtfully generated response for custom_input_221. How can I assist further?
custom_input_222,This is a thoughtfully generated response for custom_input_222. How can I assist further?
custom_input_223,This is a thoughtfully generated response for custom_input_223. How can I assist further?
custom_input_224,This is a thoughtfully generated response for custom_input_224. How can I assist further?
custom_input_225,This is a thoughtfully generated response for custom_input_225. How can I assist further?
custom_input_226,This is a thoughtfully generated response for custom_input_226. How can I assist further?
custom_input_227,This is a thoughtfully generated response for custom_input_227. How can I assist further?
custom_input_228,This is a thoughtfully generated response for custom_input_228. How can I assist further?
custom_input_229,This is a thoughtfully generated response for custom_input_229. How can I assist further?
custom_input_230,This is a thoughtfully generated response for custom_input_230. How can I assist further?
custom_input_231,This is a thoughtfully generated response for custom_input_231. How can I assist further?
custom_input_232,This is a thoughtfully generated response for custom_input_232. How can I assist further?
custom_input_233,This is a thoughtfully generated response for custom_input_233. How can I assist further?
custom_input_234,This is a thoughtfully generated response for custom_input_234. How can I assist further?
custom_input_235,This is a thoughtfully generated response for custom_input_235. How can I assist further?
custom_input_236,This is a thoughtfully generated response for custom_input_236. How can I assist further?
custom_input_237,This is a thoughtfully generated response for custom_input_237. How can I assist further?
custom_input_238,This is a thoughtfully generated response for custom_input_238. How can I assist further?
custom_input_239,This is a thoughtfully generated response for custom_input_239. How can I assist further?
custom_input_240,This is a thoughtfully generated response for custom_input_240. How can I assist further?
custom_input_241,This is a thoughtfully generated response for custom_input_241. How can I assist further?
custom_input_242,This is a thoughtfully generated response for custom_input_242. How can I assist further?
custom_input_243,This is a thoughtfully generated response for custom_input_243. How can I assist further?
custom_input_244,This is a thoughtfully generated response for custom_input_244. How can I assist further?
custom_input_245,This is a thoughtfully generated response for custom_input_245. How can I assist further?
custom_input_246,This is a thoughtfully generated response for custom_input_246. How can I assist further?
custom_input_247,This is a thoughtfully generated response for custom_input_247. How can I assist further?
custom_input_248,This is a thoughtfully generated response for custom_input_248. How can I assist further?
custom_input_249,This is a thoughtfully generated response for custom_input_249. How can I assist further?
custom_input_250,This is a thoughtfully generated response for custom_input_250. How can I assist further?
custom_input_251,This is a thoughtfully generated response for custom_input_251. How can I assist further?
custom_input_252,This is a thoughtfully generated response for custom_input_252. How can I assist further?
custom_input_253,This is a thoughtfully generated response for custom_input_253. How can I assist further?
custom_input_254,This is a thoughtfully generated response for custom_input_254. How can I assist further?
custom_input_255,This is a thoughtfully generated response for custom_input_255. How can I assist further?
custom_input_256,This is a thoughtfully generated response for custom_input_256. How can I assist further?
custom_input_257,This is a thoughtfully generated response for custom_input_257. How can I assist further?
custom_input_258,This is a thoughtfully generated response for custom_input_258. How can I assist further?
custom_input_259,This is a thoughtfully generated response for custom_input_259. How can I assist further?
custom_input_260,This is a thoughtfully generated response for custom_input_260. How can I assist further?
custom_input_261,This is a thoughtfully generated response for custom_input_261. How can I assist further?
custom_input_262,This is a thoughtfully generated response for custom_input_262. How can I assist further?
custom_input_263,This is a thoughtfully generated response for custom_input_263. How can I assist further?
custom_input_264,This is a thoughtfully generated response for custom_input_264. How can I assist further?
custom_input_265,This is a thoughtfully generated response for custom_input_265. How can I assist further?
custom_input_266,This is a thoughtfully generated response for custom_input_266. How can I assist further?
custom_input_267,This is a thoughtfully generated response for custom_input_267. How can I assist further?
custom_input_268,This is a thoughtfully generated response for custom_input_268. How can I assist further?
custom_input_269,This is a thoughtfully generated response for custom_input_269. How can I assist further?
custom_input_270,This is a thoughtfully generated response for custom_input_270. How can I assist further?
custom_input_271,This is a thoughtfully generated response for custom_input_271. How can I assist further?
custom_input_272,This is a thoughtfully generated response for custom_input_272. How can I assist further?
custom_input_273,This is a thoughtfully generated response for custom_input_273. How can I assist further?
custom_input_274,This is a thoughtfully generated response for custom_input_274. How can I assist further?
custom_input_275,This is a thoughtfully generated response for custom_input_275. How can I assist further?
custom_input_276,This is a thoughtfully generated response for custom_input_276. How can I assist further?
custom_input_277,This is a thoughtfully generated response for custom_input_277. How can I assist further?
custom_input_278,This is a thoughtfully generated response for custom_input_278. How can I assist further?
custom_input_279,This is a thoughtfully generated response for custom_input_279. How can I assist further?
custom_input_280,This is a thoughtfully generated response for custom_input_280. How can I assist further?
custom_input_281,This is a thoughtfully generated response for custom_input_281. How can I assist further?
custom_input_282,This is a thoughtfully generated response for custom_input_282. How can I assist further?
custom_input_283,This is a thoughtfully generated response for custom_input_283. How can I assist further?
custom_input_284,This is a thoughtfully generated response for custom_input_284. How can I assist further?
custom_input_285,This is a thoughtfully generated response for custom_input_285. How can I assist further?
custom_input_286,This is a thoughtfully generated response for custom_input_286. How can I assist further?
custom_input_287,This is a thoughtfully generated response for custom_input_287. How can I assist further?
custom_input_288,This is a thoughtfully generated response for custom_input_288. How can I assist further?
custom_input_289,This is a thoughtfully generated response for custom_input_289. How can I assist further?
custom_input_290,This is a thoughtfully generated response for custom_input_290. How can I assist further?
custom_input_291,This is a thoughtfully generated response for custom_input_291. How can I assist further?
custom_input_292,This is a thoughtfully generated response for custom_input_292. How can I assist further?
custom_input_293,This is a thoughtfully generated response for custom_input_293. How can I assist further?
custom_input_294,This is a thoughtfully generated response for custom_input_294. How can I assist further?
custom_input_295,This is a thoughtfully generated response for custom_input_295. How can I assist further?
custom_input_296,This is a thoughtfully generated response for custom_input_296. How can I assist further?
custom_input_297,This is a thoughtfully generated response for custom_input_297. How can I assist further?
custom_input_298,This is a thoughtfully generated response for custom_input_298. How can I assist further?
custom_input_299,This is a thoughtfully generated response for custom_input_299. How can I assist further?
custom_input_300,This is a thoughtfully generated response for custom_input_300. How can I assist further?
custom_input_301,This is a thoughtfully generated response for custom_input_301. How can I assist further?
custom_input_302,This is a thoughtfully generated response for custom_input_302. How can I assist further?
custom_input_303,This is a thoughtfully generated response for custom_input_303. How can I assist further?
custom_input_304,This is a thoughtfully generated response for custom_input_304. How can I assist further?
custom_input_305,This is a thoughtfully generated response for custom_input_305. How can I assist further?
custom_input_306,This is a thoughtfully generated response for custom_input_306. How can I assist further?
custom_input_307,This is a thoughtfully generated response for custom_input_307. How can I assist further?
custom_input_308,This is a thoughtfully generated response for custom_input_308. How can I assist further?
custom_input_309,This is a thoughtfully generated response for custom_input_309. How can I assist further?
custom_input_310,This is a thoughtfully generated response for custom_input_310. How can I assist further?
custom_input_311,This is a thoughtfully generated response for custom_input_311. How can I assist further?
custom_input_312,This is a thoughtfully generated response for custom_input_312. How can I assist further?
custom_input_313,This is a thoughtfully generated response for custom_input_313. How can I assist further?
custom_input_314,This is a thoughtfully generated response for custom_input_314. How can I assist further?
custom_input_315,This is a thoughtfully generated response for custom_input_315. How can I assist further?
custom_input_316,This is a thoughtfully generated response for custom_input_316. How can I assist further?
custom_input_317,This is a thoughtfully generated response for custom_input_317. How can I assist further?
custom_input_318,This is a thoughtfully generated response for custom_input_318. How can I assist further?
custom_input_319,This is a thoughtfully generated response for custom_input_319. How can I assist further?
custom_input_320,This is a thoughtfully generated response for custom_input_320. How can I assist further?
custom_input_321,This is a thoughtfully generated response for custom_input_321. How can I assist further?
custom_input_322,This is a thoughtfully generated response for custom_input_322. How can I assist further?
custom_input_323,This is a thoughtfully generated response for custom_input_323. How can I assist further?
custom_input_324,This is a thoughtfully generated response for custom_input_324. How can I assist further?
custom_input_325,This is a thoughtfully generated response for custom_input_325. How can I assist further?
custom_input_326,This is a thoughtfully generated response for custom_input_326. How can I assist further?
custom_input_327,This is a thoughtfully generated response for custom_input_327. How can I assist further?
custom_input_328,This is a thoughtfully generated response for custom_input_328. How can I assist further?
custom_input_329,This is a thoughtfully generated response for custom_input_329. How can I assist further?
custom_input_330,This is a thoughtfully generated response for custom_input_330. How can I assist further?
custom_input_331,This is a thoughtfully generated response for custom_input_331. How can I assist further?
custom_input_332,This is a thoughtfully generated response for custom_input_332. How can I assist further?
custom_input_333,This is a thoughtfully generated response for custom_input_333. How can I assist further?
custom_input_334,This is a thoughtfully generated response for custom_input_334. How can I assist further?
custom_input_335,This is a thoughtfully generated response for custom_input_335. How can I assist further?
custom_input_336,This is a thoughtfully generated response for custom_input_336. How can I assist further?
custom_input_337,This is a thoughtfully generated response for custom_input_337. How can I assist further?
custom_input_338,This is a thoughtfully generated response for custom_input_338. How can I assist further?
custom_input_339,This is a thoughtfully generated response for custom_input_339. How can I assist further?
custom_input_340,This is a thoughtfully generated response for custom_input_340. How can I assist further?
custom_input_341,This is a thoughtfully generated response for custom_input_341. How can I assist further?
custom_input_342,This is a thoughtfully generated response for custom_input_342. How can I assist further?
custom_input_343,This is a thoughtfully generated response for custom_input_343. How can I assist further?
custom_input_344,This is a thoughtfully generated response for custom_input_344. How can I assist further?
custom_input_345,This is a thoughtfully generated response for custom_input_345. How can I assist further?
custom_input_346,This is a thoughtfully generated response for custom_input_346. How can I assist further?
custom_input_347,This is a thoughtfully generated response for custom_input_347. How can I assist further?
custom_input_348,This is a thoughtfully generated response for custom_input_348. How can I assist further?
custom_input_349,This is a thoughtfully generated response for custom_input_349. How can I assist further?
custom_input_350,This is a thoughtfully generated response for custom_input_350. How can I assist further?
custom_input_351,This is a thoughtfully generated response for custom_input_351. How can I assist further?
custom_input_352,This is a thoughtfully generated response for custom_input_352. How can I assist further?
custom_input_353,This is a thoughtfully generated response for custom_input_353. How can I assist further?
custom_input_354,This is a thoughtfully generated response for custom_input_354. How can I assist further?
custom_input_355,This is a thoughtfully generated response for custom_input_355. How can I assist further?
custom_input_356,This is a thoughtfully generated response for custom_input_356. How can I assist further?
custom_input_357,This is a thoughtfully generated response for custom_input_357. How can I assist further?
custom_input_358,This is a thoughtfully generated response for custom_input_358. How can I assist further?
custom_input_359,This is a thoughtfully generated response for custom_input_359. How can I assist further?
custom_input_360,This is a thoughtfully generated response for custom_input_360. How can I assist further?
custom_input_361,This is a thoughtfully generated response for custom_input_361. How can I assist further?
custom_input_362,This is a thoughtfully generated response for custom_input_362. How can I assist further?
custom_input_363,This is a thoughtfully generated response for custom_input_363. How can I assist further?
custom_input_364,This is a thoughtfully generated response for custom_input_364. How can I assist further?
custom_input_365,This is a thoughtfully generated response for custom_input_365. How can I assist further?
custom_input_366,This is a thoughtfully generated response for custom_input_366. How can I assist further?
custom_input_367,This is a thoughtfully generated response for custom_input_367. How can I assist further?
custom_input_368,This is a thoughtfully generated response for custom_input_368. How can I assist further?
custom_input_369,This is a thoughtfully generated response for custom_input_369. How can I assist further?
custom_input_370,This is a thoughtfully generated response for custom_input_370. How can I assist further?
custom_input_371,This is a thoughtfully generated response for custom_input_371. How can I assist further?
custom_input_372,This is a thoughtfully generated response for custom_input_372. How can I assist further?
custom_input_373,This is a thoughtfully generated response for custom_input_373. How can I assist further?
custom_input_374,This is a thoughtfully generated response for custom_input_374. How can I assist further?
custom_input_375,This is a thoughtfully generated response for custom_input_375. How can I assist further?
custom_input_376,This is a thoughtfully generated response for custom_input_376. How can I assist further?
custom_input_377,This is a thoughtfully generated response for custom_input_377. How can I assist further?
custom_input_378,This is a thoughtfully generated response for custom_input_378. How can I assist further?
custom_input_379,This is a thoughtfully generated response for custom_input_379. How can I assist further?
custom_input_380,This is a thoughtfully generated response for custom_input_380. How can I assist further?
custom_input_381,This is a thoughtfully generated response for custom_input_381. How can I assist further?
custom_input_382,This is a thoughtfully generated response for custom_input_382. How can I assist further?
custom_input_383,This is a thoughtfully generated response for custom_input_383. How can I assist further?
custom_input_384,This is a thoughtfully generated response for custom_input_384. How can I assist further?
custom_input_385,This is a thoughtfully generated response for custom_input_385. How can I assist further?
custom_input_386,This is a thoughtfully generated response for custom_input_386. How can I assist further?
custom_input_387,This is a thoughtfully generated response for custom_input_387. How can I assist further?
custom_input_388,This is a thoughtfully generated response for custom_input_388. How can I assist further?
custom_input_389,This is a thoughtfully generated response for custom_input_389. How can I assist further?
custom_input_390,This is a thoughtfully generated response for custom_input_390. How can I assist further?
custom_input_391,This is a thoughtfully generated response for custom_input_391. How can I assist further?
custom_input_392,This is a thoughtfully generated response for custom_input_392. How can I assist further?
custom_input_393,This is a thoughtfully generated response for custom_input_393. How can I assist further?
custom_input_394,This is a thoughtfully generated response for custom_input_394. How can I assist further?
custom_input_395,This is a thoughtfully generated response for custom_input_395. How can I assist further?
custom_input_396,This is a thoughtfully generated response for custom_input_396. How can I assist further?
custom_input_397,This is a thoughtfully generated response for custom_input_397. How can I assist further?
custom_input_398,This is a thoughtfully generated response for custom_input_398. How can I assist further?
custom_input_399,This is a thoughtfully generated response for custom_input_399. How can I assist further?
custom_input_400,This is a thoughtfully generated response for custom_input_400. How can I assist further?
custom_input_401,This is a thoughtfully generated response for custom_input_401. How can I assist further?
custom_input_402,This is a thoughtfully generated response for custom_input_402. How can I assist further?
custom_input_403,This is a thoughtfully generated response for custom_input_403. How can I assist further?
custom_input_404,This is a thoughtfully generated response for custom_input_404. How can I assist further?
custom_input_405,This is a thoughtfully generated response for custom_input_405. How can I assist further?
custom_input_406,This is a thoughtfully generated response for custom_input_406. How can I assist further?
custom_input_407,This is a thoughtfully generated response for custom_input_407. How can I assist further?
custom_input_408,This is a thoughtfully generated response for custom_input_408. How can I assist further?
custom_input_409,This is a thoughtfully generated response for custom_input_409. How can I assist further?
custom_input_410,This is a thoughtfully generated response for custom_input_410. How can I assist further?
custom_input_411,This is a thoughtfully generated response for custom_input_411. How can I assist further?
custom_input_412,This is a thoughtfully generated response for custom_input_412. How can I assist further?
custom_input_413,This is a thoughtfully generated response for custom_input_413. How can I assist further?
custom_input_414,This is a thoughtfully generated response for custom_input_414. How can I assist further?
custom_input_415,This is a thoughtfully generated response for custom_input_415. How can I assist further?
custom_input_416,This is a thoughtfully generated response for custom_input_416. How can I assist further?
custom_input_417,This is a thoughtfully generated response for custom_input_417. How can I assist further?
custom_input_418,This is a thoughtfully generated response for custom_input_418. How can I assist further?
custom_input_419,This is a thoughtfully generated response for custom_input_419. How can I assist further?
custom_input_420,This is a thoughtfully generated response for custom_input_420. How can I assist further?
custom_input_421,This is a thoughtfully generated response for custom_input_421. How can I assist further?
custom_input_422,This is a thoughtfully generated response for custom_input_422. How can I assist further?
custom_input_423,This is a thoughtfully generated response for custom_input_423. How can I assist further?
custom_input_424,This is a thoughtfully generated response for custom_input_424. How can I assist further?
custom_input_425,This is a thoughtfully generated response for custom_input_425. How can I assist further?
custom_input_426,This is a thoughtfully generated response for custom_input_426. How can I assist further?
custom_input_427,This is a thoughtfully generated response for custom_input_427. How can I assist further?
custom_input_428,This is a thoughtfully generated response for custom_input_428. How can I assist further?
custom_input_429,This is a thoughtfully generated response for custom_input_429. How can I assist further?
custom_input_430,This is a thoughtfully generated response for custom_input_430. How can I assist further?
custom_input_431,This is a thoughtfully generated response for custom_input_431. How can I assist further?
custom_input_432,This is a thoughtfully generated response for custom_input_432. How can I assist further?
custom_input_433,This is a thoughtfully generated response for custom_input_433. How can I assist further?
custom_input_434,This is a thoughtfully generated response for custom_input_434. How can I assist further?
custom_input_435,This is a thoughtfully generated response for custom_input_435. How can I assist further?
custom_input_436,This is a thoughtfully generated response for custom_input_436. How can I assist further?
custom_input_437,This is a thoughtfully generated response for custom_input_437. How can I assist further?
custom_input_438,This is a thoughtfully generated response for custom_input_438. How can I assist further?
custom_input_439,This is a thoughtfully generated response for custom_input_439. How can I assist further?
custom_input_440,This is a thoughtfully generated response for custom_input_440. How can I assist further?
custom_input_441,This is a thoughtfully generated response for custom_input_441. How can I assist further?
custom_input_442,This is a thoughtfully generated response for custom_input_442. How can I assist further?
custom_input_443,This is a thoughtfully generated response for custom_input_443. How can I assist further?
custom_input_444,This is a thoughtfully generated response for custom_input_444. How can I assist further?
custom_input_445,This is a thoughtfully generated response for custom_input_445. How can I assist further?
custom_input_446,This is a thoughtfully generated response for custom_input_446. How can I assist further?
custom_input_447,This is a thoughtfully generated response for custom_input_447. How can I assist further?
custom_input_448,This is a thoughtfully generated response for custom_input_448. How can I assist further?
custom_input_449,This is a thoughtfully generated response for custom_input_449. How can I assist further?
custom_input_450,This is a thoughtfully generated response for custom_input_450. How can I assist further?
custom_input_451,This is a thoughtfully generated response for custom_input_451. How can I assist further?
custom_input_452,This is a thoughtfully generated response for custom_input_452. How can I assist further?
custom_input_453,This is a thoughtfully generated response for custom_input_453. How can I assist further?
custom_input_454,This is a thoughtfully generated response for custom_input_454. How can I assist further?
custom_input_455,This is a thoughtfully generated response for custom_input_455. How can I assist further?
custom_input_456,This is a thoughtfully generated response for custom_input_456. How can I assist further?
custom_input_457,This is a thoughtfully generated response for custom_input_457. How can I assist further?
custom_input_458,This is a thoughtfully generated response for custom_input_458. How can I assist further?
custom_input_459,This is a thoughtfully generated response for custom_input_459. How can I assist further?
custom_input_460,This is a thoughtfully generated response for custom_input_460. How can I assist further?
custom_input_461,This is a thoughtfully generated response for custom_input_461. How can I assist further?
custom_input_462,This is a thoughtfully generated response for custom_input_462. How can I assist further?
custom_input_463,This is a thoughtfully generated response for custom_input_463. How can I assist further?
custom_input_464,This is a thoughtfully generated response for custom_input_464. How can I assist further?
custom_input_465,This is a thoughtfully generated response for custom_input_465. How can I assist further?
custom_input_466,This is a thoughtfully generated response for custom_input_466. How can I assist further?
custom_input_467,This is a thoughtfully generated response for custom_input_467. How can I assist further?
custom_input_468,This is a thoughtfully generated response for custom_input_468. How can I assist further?
custom_input_469,This is a thoughtfully generated response for custom_input_469. How can I assist further?
custom_input_470,This is a thoughtfully generated response for custom_input_470. How can I assist further?
custom_input_471,This is a thoughtfully generated response for custom_input_471. How can I assist further?
custom_input_472,This is a thoughtfully generated response for custom_input_472. How can I assist further?
custom_input_473,This is a thoughtfully generated response for custom_input_473. How can I assist further?
custom_input_474,This is a thoughtfully generated response for custom_input_474. How can I assist further?
custom_input_475,This is a thoughtfully generated response for custom_input_475. How can I assist further?
